{"cameraMode":{"drawMode":0,"name":"Shaded","section":"Shading Mode"},"sceneLighting":true,"audioPlay":false,"sceneViewState":{"m_AlwaysRefresh":false,"showFog":true,"showSkybox":true,"showFlares":true,"showImageEffects":true,"showParticleSystems":true,"showVisualEffectGraphs":true,"m_FxEnabled":true},"in2DMode":false,"pivot":{"x":-17.93857192993164,"y":12.374490737915039,"z":-12.740764617919922},"rotation":{"x":-0.08377858251333237,"y":-0.14751411974430085,"z":0.01251556258648634,"w":-0.985454797744751},"size":10.887090682983399,"orthographic":false}